time,open,high,low,close,vol,%,id,timestamp,"Vol (20)","Vol (20)","MACD","MACD","MACD","MACD"
725898600,43.9688,43.96899,43.75,43.938,1003200,None,0,1993-01-01 14:30:00,1003200,None,None,3,None,None
728577000,43.96875,45.125,42.8125,44.40625,5417600,1.07,1,1993-02-01 14:30:00,5417600,None,None,3,None,None
730996200,44.5625,45.84375,44.21875,45.1875,3019200,1.76,2,1993-03-01 14:30:00,3019200,None,None,3,None,None
733674600,45.25,45.25,43.28125,44.03125,2697200,-2.56,3,1993-04-01 14:30:00,2697200,None,None,3,None,None
736435800,44.09375,45.65625,43.84375,45.21875,1808000,2.7,4,1993-05-03 13:30:00,1808000,None,None,3,None,None
738941400,45.375,45.8125,44.21875,45.0625,3438000,-0.35,5,1993-06-01 13:30:00,3438000,None,None,3,None,None
741533400,45.125,45.21875,44.15625,44.84375,6117600,-0.49,6,1993-07-01 13:30:00,6117600,None,None,3,None,None
744298200,44.90625,46.5625,44.84375,46.5625,5440100,3.83,7,1993-08-02 13:30:00,5440100,None,None,3,None,None
746890200,46.40625,46.59375,44.8125,45.9375,4369900,-1.34,8,1993-09-01 13:30:00,4369900,None,None,3,None,None
749482200,45.875,47.15625,45.71875,46.84375,6972900,1.97,9,1993-10-01 13:30:00,6972900,None,None,3,None,None
752164200,46.78125,47,45.53125,46.34375,5351100,-1.07,10,1993-11-01 14:30:00,5351100,None,None,3,None,None
754756200,46.59375,47.15625,46.375,46.59375,6128000,0.54,11,1993-12-01 14:30:00,6128000,None,None,3,None,None
757607400,46.59375,48.3125,46.40625,48.21875,6837100,3.49,12,1994-01-03 14:30:00,6837100,None,None,3,None,None
760113000,48.15625,48.28125,46.5625,46.8125,10974400,-2.92,13,1994-02-01 14:30:00,10974400,None,None,3,None,None
762532200,46.8125,47.3125,43.53125,44.59375,14705500,-4.74,14,1994-03-01 14:30:00,14705500,None,None,3,None,None
765210600,43.34375,45.35937,43.34375,45.09375,11429000,1.12,15,1994-04-01 14:30:00,11429000,None,None,3,None,None
767885400,45.09375,45.9375,44.17187,45.8125,8545100,1.59,16,1994-05-02 13:30:00,8545100,None,None,3,None,None
770477400,45.70312,46.5625,44,44.46875,10352701,-2.93,17,1994-06-01 13:30:00,10352701,None,None,3,None,None
773069400,44.6875,46.04687,44.375,45.90625,5452100,3.23,18,1994-07-01 13:30:00,5452100,None,None,3,None,None
775747800,45.9375,47.98437,45.65625,47.65625,7945800,3.81,19,1994-08-01 13:30:00,7945800,6400225.05,None,3,None,None
778426200,47.5,47.71875,45.73437,46.17187,6309300,-3.11,20,1994-09-01 13:30:00,6309300,6665530.05,None,3,None,None
781191000,46.20312,47.70312,45,47.48437,5437600,2.84,21,1994-10-03 13:30:00,5437600,6666530.05,None,3,None,None
783700200,47.28125,47.32812,44.60937,45.59375,4807300,-3.98,22,1994-11-01 14:30:00,4807300,6755935.05,None,3,None,None
786292200,45.64062,46.40625,44.6875,45.5625,8568500,-0.07,23,1994-12-01 14:30:00,8568500,7049500.05,None,3,None,None
789057000,45.70312,47.23437,45.6875,47.09375,2768000,3.36,24,1995-01-02 14:30:00,2768000,7097500.05,None,3,None,None
791649000,47.15625,49.15625,47,49.01562,5954800,4.08,25,1995-02-01 14:30:00,5954800,7223340.05,None,3,0.6675651989199807,None
794068200,48.96875,50.89062,48.21875,50.10937,4533300,2.23,26,1995-03-01 14:30:00,4533300,7144125.05,None,3,0.8974204192483128,None
796915800,50.09375,51.67187,50.0625,51.59375,4388700,2.96,27,1995-04-03 13:30:00,4388700,7091555.05,None,3,1.1856914845283697,None
799335000,51.54687,53.64062,51.39062,53.64062,6986200,3.97,28,1995-05-01 13:30:00,6986200,7222370.05,None,3,1.5613158065052914,None
802013400,53.40625,55.15625,52.75,54.40625,5790900,1.43,29,1995-06-01 13:30:00,5790900,7163270.05,None,3,1.8988914911709074,None
804778200,54.46875,56.70312,54.20312,56.15625,5508200,3.22,30,1995-07-03 13:30:00,5508200,7171125.05,None,3,2.2813352157246456,None
807283800,56.23437,56.79687,55.42187,56.40625,8100100,0.45,31,1995-08-01 13:30:00,8100100,7269730.05,None,3,2.5749155102812864,None
809962200,56.39062,58.90625,56.34375,58.48437,7431600,3.68,32,1995-09-01 13:30:00,7431600,7299455.05,None,3,2.941360749489121,None
812640600,58.48437,59.1875,57.26562,58.3125,8944800,-0.29,33,1995-10-02 13:30:00,8944800,7197975.05,1.2712618025987288,1,3.1812315124070594,1.9099697098083306
815236200,58.28125,61.20312,58.23437,60.90625,8841700,4.45,34,1995-11-01 14:30:00,8841700,6904785.05,1.3038801742791115,0,3.53981992765722,2.2359397533781085
817828200,60.98437,62.79687,60.57812,61.48437,9816800,0.95,35,1995-12-01 14:30:00,9816800,6824175.05,1.2724828163079933,1,3.8265432737631,2.554060457455107
820506600,61.40625,63.6875,59.64062,63.67187,10661300,3.56,36,1996-01-01 14:30:00,10661300,6929985.05,1.3024141666283082,0,4.182078165740492,2.879663999112184
823185000,63.60937,66.6875,63.4375,63.875,14850400,0.32,37,1996-02-01 14:30:00,14850400,7154870,1.2396097894412703,1,4.429176235913772,3.1895664464725018
825690600,64.64062,66,62,64.6875,19022900,1.27,38,1996-03-01 14:30:00,19022900,7833410,1.1580360124168316,1,4.637111461993541,3.4790754495767096
828369000,65,65.8125,62.125,65.39062,14999300,1.09,39,1996-04-01 14:30:00,14999300,8186085,1.059354396996624,1,4.803268445822489,3.7439140488258653
830957400,65.375,68.4375,63.07812,66.875,17453200,2.27,40,1996-05-01 13:30:00,17453200,8743280,1.0025666783258935,1,4.997122396733232,3.9945557184073386
833808600,66.89062,68.5,66.15625,67.10937,16871800,0.35,41,1996-06-03 13:30:00,16871800,9314990,0.8929563783610455,1,5.110751191358645,4.2177948129975995
836227800,67.28125,67.70312,60.375,64.09375,28834400,-4.49,42,1996-07-01 13:30:00,28834400,10516345,0.546541863387537,1,4.900972142232021,4.354430278844484
838906200,64.15625,67.34375,64.0625,65.32812,15593100,1.93,43,1996-08-01 13:30:00,15593100,10867575,0.33984142899208614,1,4.779232065084592,4.439390636092506
841671000,64.46875,69.25,64.375,68.625,17216100,5.05,44,1996-09-02 13:30:00,17216100,11589980,0.36239665435974633,0,4.892386454042189,4.5299897996824425
844176600,68.70312,71.625,68.4375,70.84375,14791800,3.23,45,1996-10-01 13:30:00,14791800,12031830,0.45783279048989467,0,5.102280787794811,4.644447997304916
846858600,70.98437,76.6875,70.26562,76.01562,24089700,7.3,46,1996-11-01 14:30:00,24089700,13009650,0.7813640754250617,0,5.621153091586244,4.839789016161182
849537000,75.92187,76.57812,71.875,73.84375,34952800,-2.86,47,1996-12-02 14:30:00,34952800,14537855,0.7604597188615303,1,5.790363664738095,5.029903945876565
852129000,74.375,79.6875,72.75,78.40625,43623700,6.18,48,1997-01-01 14:30:00,43623700,16369730,0.9528041351070193,0,6.220909114760339,5.2681049796533195
854980200,78.71875,82,77.125,79.15625,30028800,0.96,49,1997-02-03 14:30:00,30028800,17581625,1.0232492620390614,0,6.5471665572021465,5.523917295163085
857399400,78.75,81.79687,75.6875,75.6875,37514299,-4.38,50,1997-03-03 14:30:00,37514299,19181929.95,0.7420344647712707,1,6.451460376127173,5.709425911355902
859905000,75.25,80.6875,73.3125,80.09375,57679302,5.82,51,1997-04-01 14:30:00,57679302,21660890.05,0.7560206400788427,0,6.654451711454456,5.898431071375613
862493400,80.21875,85.5625,79.3125,85.15625,37473400,6.32,52,1997-05-01 13:30:00,37473400,23162980.05,0.9944571054971094,0,7.141502453247,6.1470453477498905
865258200,85.34375,90.5,84.07812,88.3125,47332501,3.71,53,1997-06-02 13:30:00,47332501,25082365.1,1.2371564403634272,0,7.693490898204175,6.4563344578407476
867763800,88.5,96.03125,88.39062,95.3125,65361199,7.93,54,1997-07-01 13:30:00,65361199,27908340.05,1.7122843745594585,0,8.59668992604007,6.884405551480612
870442200,95.5,96.625,89.34375,90.375,98208600,-5.18,55,1997-08-01 13:30:00,98208600,32327930.05,1.5424610562303993,1,8.812481871768611,7.270020815538212
873120600,90.6875,96.375,90.25,94.375,78642199,4.43,56,1997-09-01 13:30:00,78642199,35726975,1.5441519961826584,0,9.200210810766535,7.656058814583877
875712600,95.25,98.5,84.375,92.0625,137490492,-2.45,57,1997-10-01 13:30:00,137490492,41858979.6,1.2468876709777268,1,9.214668403306035,7.9677807323283085
878567400,93.1875,96.8125,90.09375,95.625,93157295,3.87,58,1997-11-03 14:30:00,93157295,45565699.35,1.14991393013862,1,9.405173145001584,8.255259214862964
880986600,96.21875,99,92.375,97.0625,79162298,1.5,59,1997-12-01 14:30:00,79162298,48773849.25,1.0453285489798851,1,9.561919901087819,8.516591352107934
883665000,97.3125,99.5625,90.90625,98.3125,104582292,1.29,60,1998-01-01 14:30:00,104582292,53130303.85,0.9271065504531215,1,9.675474540174335,8.748367989721213
886429800,99.90625,105.53125,99.71875,105.125,69737098,6.93,61,1998-02-02 14:30:00,69737098,55773568.75,1.1594074684834972,0,10.197627325325584,9.038219856842087
888849000,105.25,111.53125,103.15625,109.9375,87316904,4.58,62,1998-03-02 14:30:00,87316904,58697693.95,1.46895391009231,0,10.874412244457474,9.405458334365164
891441000,110.3125,113.4375,107.625,111.34375,118629394,1.28,63,1998-04-01 14:30:00,118629394,63849508.65,1.5899624529363798,0,11.392911400535638,9.802948947599258
894029400,111.75,113.3125,107.57812,109.03125,116264805,-2.08,64,1998-05-01 13:30:00,116264805,68801943.9,1.3455098422792524,1,11.484836250448325,10.139326408169072
896707800,108.96875,114.6875,107.5,113.3125,141993602,3.93,65,1998-06-01 13:30:00,141993602,75162034,1.302538902254625,1,11.767500035987354,10.464961133732729
899299800,114.0625,119.23437,111.3125,111.78125,155280205,-1.35,66,1998-07-01 13:30:00,155280205,81721559.25,1.0141964571411002,1,11.732706705159103,10.718510248018003
902151000,111.78125,112.42187,95,96,268542813,-14.12,67,1998-08-03 13:30:00,268542813,93401059.9,-0.32453797456839517,3,10.31283777980751,10.637375754375904
904656600,96.0625,107,93.625,101.75,269370500,5.99,68,1998-09-01 13:30:00,269370500,104688399.9,-0.8766453211724716,3,9.541569102910316,10.418214424082787
907248600,100.03125,110.90625,92.21875,110,249152714,8.11,69,1998-10-01 13:30:00,249152714,115644595.6,-0.7452254593502143,2,9.486682599895019,10.231908059245233
910017000,110.8125,119.71875,110.1875,116.125,136368990,5.57,70,1998-11-02 14:30:00,136368990,120587330.15,-0.3261872477736958,2,9.824173999528114,10.15036124730181
912522600,116.125,124.75,113.75,123.3125,155694400,6.19,71,1998-12-01 14:30:00,155694400,125488085.05,0.3197076123815865,0,10.549995762778792,10.230288150397206
915201000,123.375,128.29687,120.375,127.65625,141411495,3.52,72,1999-01-01 14:30:00,141411495,130684989.8,0.8917227892621291,0,11.344941636974866,10.453218847712737
917879400,128.6875,128.84375,121.32812,123.5625,164624903,-3.21,73,1999-02-01 14:30:00,164624903,136549609.9,0.8469516760957809,1,11.511908442832464,10.664956766736683
920298600,123.65625,132.625,121.78125,128.375,148201191,3.89,74,1999-03-01 14:30:00,148201191,140691609.5,0.9843835353826389,0,11.895436185964982,10.911052650582343
922977000,129.6875,137.5,128.125,133.25,156755704,3.8,75,1999-04-01 14:30:00,156755704,143618964.7,1.2305572775769456,0,12.449249247553524,11.218691969976579
925738200,133.4375,138,128,130.20312,182568301,-2.29,76,1999-05-03 13:30:00,182568301,148815269.8,1.0236229273530366,1,12.498220629167875,11.474597701814838
928243800,130.125,137.5,128.01562,137,160691686,5.22,77,1999-06-01 13:30:00,160691686,149975329.5,1.1694097662180916,0,12.936359909587452,11.76695014336936
930835800,137,142.25,132.5625,132.75,115627009,-3.1,78,1999-07-01 13:30:00,115627009,151098815.2,0.8209816305859441,1,12.793177181601791,11.972195551015847
933600600,132.75,138.78125,127,132.0625,142925894,-0.52,79,1999-08-02 13:30:00,142925894,154286995,0.40653354624092586,1,12.480362483817004,12.073828937576078
936192600,132.9375,136.625,125.5625,128.75,167972803,-2.51,80,1999-09-01 13:30:00,167972803,157456520.55,-0.19601644922056138,3,11.828808376050375,12.024824825270937
938784600,127.9375,137.6875,123.4375,137,196829408,6.41,81,1999-10-01 13:30:00,196829408,163811136.05,-0.14653991297194224,2,11.841649934056008,11.98818984702795
941466600,136.5,143,134.59375,139.39062,125040502,1.74,82,1999-11-01 14:30:00,125040502,165697315.95,-0.06457736920303603,2,11.907468135524155,11.972045504727191
944058600,139.3125,147.5625,139,146.875,121528096,5.37,83,1999-12-01 14:30:00,121528096,165842251.05,0.35866921087493964,0,12.420382018320865,12.061712807445925
946909800,148.25,148.25,135,139.625,156696903,-4.94,84,2000-01-03 14:30:00,156696903,167863855.95,0.03250753894681324,1,12.102347231129443,12.06983969218263
949415400,139.75,144.5625,132.71875,137.4375,187179401,-1.57,85,2000-02-01 14:30:00,187179401,170123145.9,-0.42326794126911693,3,11.540754765596233,11.96402270686535
951921000,137.625,155.75,135.03125,150.375,247591093,9.41,86,2000-03-01 14:30:00,247591093,174738690.3,0.029816536821716255,0,12.001293377892495,11.971476841070778
954768600,150.125,153.10937,133.5,145.09375,230445599,-3.51,87,2000-04-03 13:30:00,230445599,172833829.6,-0.1339406283890039,3,11.804051055584523,11.937991683973527
957187800,146.5625,148.48437,136.5,142.8125,160575597,-1.57,88,2000-05-01 13:30:00,160575597,167394084.45,-0.4839794949779552,3,11.333017315251084,11.816996810229039
959866200,143.6875,149.15625,143,145.28125,125355706,1.73,89,2000-06-01 13:30:00,125355706,161204234.05,-0.6281895170141603,3,11.031759913961338,11.659949430975498
962631000,145.4375,151.98437,141.51562,142.90625,104381801,-1.63,90,2000-07-03 13:30:00,104381801,159604874.6,-0.9435153173390258,3,10.480555284301715,11.424070601640741
965136600,143.625,153.09375,142.625,152.34375,101771692,6.6,91,2000-08-01 13:30:00,101771692,156908739.2,-0.5935666568195916,2,10.682112280616252,11.275678937435844
967815000,153.25,153.59375,142.125,143.625,106305804,-5.72,92,2000-09-01 13:30:00,106305804,155153454.65,-1.0023183400105964,3,10.022781012422598,11.025099352433195
970493400,144.28125,145.75,130.15625,142.95312,178408898,-0.47,93,2000-10-02 13:30:00,178408898,155842654.4,-1.3493643308185987,3,9.338393938909945,10.687758269728544
973089000,142.25,144.29687,129.75,132.28125,156699911,-7.47,94,2000-11-01 14:30:00,156699911,156267590.4,-2.2746421905161096,3,7.844455531583407,10.119097722099516
975681000,133.1875,139.5625,125.53125,131.1875,165516296,-0.83,95,2000-12-01 14:30:00,165516296,156705620,-2.897402377235988,3,6.497344750554532,9.39474712779052
978359400,132,138.7,127.5625,137.02,181296391,4.45,96,2001-01-01 14:30:00,181296391,156642024.5,-2.8492833691053736,2,5.833142916408804,8.682426285514177
981037800,137.10001,137.99001,121.8,123.95,178610414,-9.54,97,2001-02-01 14:30:00,178610414,157537960.9,-3.583012053815862,3,4.203661218244349,7.786673272060211
983457000,124.05,127.75,108.03999,116.69,318192685,-5.86,98,2001-03-01 14:30:00,318192685,167666244.7,-4.389377419390472,3,2.2999514978221214,6.689328917212594
986218200,116.3,127.27,109.3,124.91,251951797,7.04,99,2001-04-02 13:30:00,251951797,173117539.85,-4.201097329489348,2,1.4379572553509092,5.639054584840257
988723800,125.07001,132.09,123.44,125.95,208067296,0.83,100,2001-05-01 13:30:00,208067296,175122264.5,-3.847898366613678,2,0.8291816265731597,4.677079993186838
991402200,126.2,129.23,120.39999,122.60001,203597000,-2.66,101,2001-06-01 13:30:00,203597000,175460644.1,-3.681235489690187,2,0.07553563107410355,3.7567711207642907
994080600,122.8,124.32001,116.75,121.35001,196934304,-1.02,102,2001-07-02 13:30:00,196934304,179055334.2,-3.4978198248838503,2,-0.6155036603405222,2.882316164543328
996672600,121.97,123.25,112.03999,114.14999,269612609,-5.93,103,2001-08-01 13:30:00,269612609,186459559.85,-3.6852629265684316,3,-1.7242624936672115,1.9610004329012203
999523800,113.85001,116.17,93.8,104.44,419269200,-8.51,104,2001-09-03 13:30:00,419269200,199588174.7,-4.247108003226632,3,-3.34788457113207,0.8992234320945622
1001943000,103.89999,111.78999,102.83,105.8,512856186,1.3,105,2001-10-01 13:30:00,512856186,215872013.95,-4.298027218577457,3,-4.473310591127259,-0.17528337254980197
1004625000,106.60001,116.89999,105.69901,114.05,373884200,7.8,106,2001-11-01 14:30:00,373884200,222186669.3,-3.5765389557945335,2,-4.645957067292969,-1.0694181114984354
1007389800,113.64999,118,112,114.3,308496493,0.22,107,2001-12-03 14:30:00,308496493,226089214,-2.9111319114764234,2,-4.7083330008439646,-1.7972010893675412
1009895400,115.11,117.99001,108.39999,113.17999,349532800,-0.98,108,2002-01-01 14:30:00,349532800,235537074.15,-2.3965530043336165,2,-4.792892344784562,-2.3963393404509454
1012573800,113.09,113.3,107.82001,111.14999,424644622,-1.79,109,2002-02-01 14:30:00,424644622,250501519.95,-2.0560965349871747,2,-4.966460009184914,-2.910363474197739
1014993000,111.72,117.907,111.50999,114.52,386559470,3.03,110,2002-03-01 14:30:00,386559470,264610403.4,-1.4933216443392765,2,-4.777015529621835,-3.2836938852825583
1017671400,114.23,115.10001,106.63,107.86,404594438,-5.82,111,2002-04-01 14:30:00,404594438,279751540.7,-1.4573916881247908,2,-5.105433495438547,-3.648041807313756
1020259800,107.97,111.25,104.89999,107.22,452683820,-0.59,112,2002-05-01 13:30:00,452683820,297070441.5,-1.366057411167279,2,-5.355613571272855,-3.989556160105576
1023111000,107.09,107.60001,95.19501,98.96001,535607808,-7.7,113,2002-06-03 13:30:00,535607808,314930387,-1.7279611119978568,3,-6.149507550102896,-4.42154643810504
1025530200,99.187,99.8,77.67999,91.16,1124766080,-7.88,114,2002-07-01 13:30:00,1124766080,363333695.45,-2.3216807847044834,3,-7.323647418985644,-5.00196663428116
1028208600,90.88,97.14999,83.55,91.78,937002640,0.68,115,2002-08-01 13:30:00,937002640,401908012.65,-2.4869375035853976,3,-8.110638513762908,-5.62370101017751
1030973400,90.735,93.33,80.00999,81.78999,1014628128,-10.88,116,2002-09-02 13:30:00,1014628128,443574599.5,-3.0464167310932586,3,-9.431721924044083,-6.385305192950825
1033479000,82.438,91.28999,77.07001,88.52,1346309520,8.23,117,2002-10-01 13:30:00,1346309520,501959554.8,-2.7496821487062784,2,-9.822407878833673,-7.072725730127394
1036161000,88.35001,94.95,87.45,93.98,819210480,6.17,118,2002-11-01 14:30:00,819210480,527010444.55,-2.0066266444392173,2,-9.581009035676416,-7.574382391237199
1038839400,95.47,96.05,87.11,88.23,729006392,-6.12,119,2002-12-02 14:30:00,729006392,550863174.3,-1.733600533760029,2,-9.741383058437236,-8.007782524677207
1041431400,88.85001,93.86,84.14999,86.06,919194016,-2.46,120,2003-01-01 14:30:00,919194016,586419510.3,-1.5370737581202238,2,-9.929124722327487,-8.392050964207263
1044282600,86.14,86.817,81,84.89999,863461696,-1.35,121,2003-02-03 14:30:00,863461696,619412745.1,-1.330839037676828,2,-10.055599761303299,-8.72476072362647
1046701800,85.25999,89.88,79.383,84.74001,1158049760,-0.19,122,2003-03-03 14:30:00,1158049760,667468517.9,-1.0624779006215395,2,-10.052858099403394,-8.990380198781855
1049207400,85.25,92.8,84.91,91.91,998705472,8.46,123,2003-04-01 14:30:00,998705472,703923161.05,-0.29904190016654475,2,-9.364182573990036,-9.06514067382349
1051795800,91.92,97.09,90.5,96.95,884710416,5.48,124,2003-05-01 13:30:00,884710416,727195221.85,0.5994274480368738,0,-8.3158563637774,-8.915283811814273
1054560600,97.53,102.179,96.67,97.63,871557632,0.7,125,2003-06-02 13:30:00,871557632,745130294.15,1.2558226040444964,0,-7.345505556758653,-8.601328160803149
1057066200,97.25301,101.89999,96.42999,99.39,921051712,1.8,126,2003-07-01 13:30:00,921051712,772488669.75,1.792141830602418,0,-6.361150872550127,-8.153292703152545
1059744600,99.19,101.81799,96.34,101.44,777481327,2.06,127,2003-08-01 13:30:00,777481327,795937911.45,2.2395075195190772,0,-5.353908303753698,-7.5934158232727755
1062423000,101.64,104.7,99.25,99.95,821365600,-1.47,128,2003-09-01 13:30:00,821365600,819529551.45,2.376648385151518,0,-4.622605341833378,-6.999253726984896
1065015000,100.24001,105.97,100.2,105.3,833865824,5.35,129,2003-10-01 13:30:00,833865824,839990611.55,2.7432531489084955,0,-3.570187290849276,-6.3134404397577715
1067869800,105.75,106.95,103.62,106.45,631337401,1.09,130,2003-11-03 14:30:00,631337401,852229508.1,2.9601767941901027,0,-2.6132194470201426,-5.573396241210245
1070289000,106.92999,111.52,105.96001,111.28,679228295,4.54,131,2003-12-01 14:30:00,679228295,865961200.95,3.300013879434344,0,-1.448378891917315,-4.748392771351659
1072967400,111.74001,116.5,110.73,113.48,746542832,1.98,132,2004-01-01 14:30:00,746542832,880654151.55,3.5237140510596063,0,-0.343750207527151,-3.8674642585867574
1075732200,113.7,116.60001,112.78,115.02,676247904,1.36,133,2004-02-02 14:30:00,676247904,887686156.35,3.6127442073146936,0,0.6484660005566099,-2.9642782067580837
1078151400,115.42999,116.97,108.85001,113.10001,1126366352,-1.67,134,2004-03-01 14:30:00,1126366352,887766169.95,3.3836560455573044,1,1.2652918501885466,-2.1183641953687578
1080829800,113.07001,115.41,110.89999,110.96001,969151488,-1.89,135,2004-04-01 14:30:00,969151488,889373612.35,2.945434104247626,1,1.563428434940775,-1.3820056693068512
1083591000,111.37,113.25999,108.06,112.86,984820576,1.71,136,2004-05-03 13:30:00,984820576,887883234.75,2.6502129633231006,1,1.9307605348470247,-0.7194524284760759
1086096600,112.46001,114.94,111.87,114.53,726798816,1.48,137,2004-06-01 13:30:00,726798816,856907699.55,2.4393801378033926,1,2.3297727437781646,-0.10960739402522779
1088688600,114.25,114.39999,108.21001,110.84,956346304,-3.22,138,2004-07-01 13:30:00,956346304,863764490.75,1.9448699597719572,1,2.321480055689719,0.3766100959177616
1091453400,110.19,113.61,106.59,111.11,924459360,0.24,139,2004-08-02 13:30:00,924459360,873537139.15,1.5467645502743554,1,2.310065783760706,0.7633012334863505
1094045400,110.94,113.74001,110.41,111.75999,792619408,0.58,140,2004-09-01 13:30:00,792619408,867208408.75,1.2506778102125922,1,2.3266484962520906,1.0759706860394984
1096637400,112.25999,114.67999,109.35001,113.2,1046489408,1.29,141,2004-10-01 13:30:00,1046489408,876359794.35,1.0816224349509855,1,2.4279987297282304,1.3463762947772449
1099319400,113.56,119.14,113.2,117.89,964579904,4.14,142,2004-11-01 14:30:00,964579904,866686301.55,1.205991553173384,0,2.853865736243975,1.647874183070591
1101911400,118.16,121.66,117.73,120.87,911529680,2.53,143,2004-12-01 14:30:00,911529680,862327511.95,1.395876920822133,0,3.3927203340982572,1.9968434132761241
1104762600,121.56,121.75999,116.37,118.16,1191128848,-2.24,144,2005-01-03 14:30:00,1191128848,877648433.55,1.250568506625871,1,3.560054046558463,2.309485539932592
1107268200,118.25,121.67,118.10001,120.63,1029653952,2.09,145,2005-02-01 14:30:00,1029653952,885553249.55,1.2305096309196668,1,3.8476225785821754,2.6171129476625086
1109687400,120.78,123.25,116.25,117.96001,1342371888,-2.21,146,2005-03-01 14:30:00,1342371888,906619258.35,0.9591795246609625,1,3.8160873534887116,2.856907828827749
1112365800,118.63,119.25999,113.55,115.75,1668289744,-1.87,147,2005-04-01 14:30:00,1668289744,951159679.2,0.5717497363905251,1,3.5715949993159057,2.9998452629253807
1115040600,116.07001,120.25,114.8,119.48,1346291376,3.22,148,2005-05-02 13:30:00,1346291376,977405968,0.5096350543094865,1,3.6368890808122387,3.127254026502752
1117632600,119.52,121.94,118.75,119.17999,1106029664,-0.25,149,2005-06-01 13:30:00,1106029664,991014160,0.39633034792222066,1,3.6226669614055282,3.2263366134833076
1120224600,119.45,124.64,118.25999,123.74001,1186572224,3.83,150,2005-07-01 13:30:00,1186572224,1018775901.15,0.5661327896027992,0,3.9340026004868065,3.3678698108840073
1122903000,123.83,124.74001,120.38,122.58,1314950080,-0.94,151,2005-08-01 13:30:00,1314950080,1050561990.4,0.538150699705962,1,4.04055818551646,3.502407485810498
1125581400,122.50999,124.74001,120.44,123.03999,1286806880,0.38,152,2005-09-01 13:30:00,1286806880,1077575192.8,0.4898260256134077,1,4.114690017827257,3.6248639922138497
1128346200,122.96001,123.34,116.88,120.13,1793909760,-2.37,153,2005-10-03 13:30:00,1793909760,1133458285.6,0.21510360981073706,1,3.8937435044772712,3.678639894666534
1130855400,120.58,127.41,120.13,125.41,1185290624,4.4,154,2005-11-01 14:30:00,1185290624,1136404499.2,0.33505664240322863,0,4.09746069767057,3.7624040552673415
1133447400,126.02,128.57001,124.36,124.50999,1073662416,-0.72,155,2005-12-01 14:30:00,1073662416,1141630045.6,0.3009390013014448,1,4.138577806894148,3.837638805592703
1136212200,125.10001,129.44,124.39,127.5,1231803008,2.4,156,2006-01-02 14:30:00,1231803008,1153979167.2,0.4196074376426515,0,4.362148102646017,3.942540665003366
1138804200,127.82001,130.03999,123.64,128.23,1145400544,0.57,157,2006-02-01 14:30:00,1145400544,1174909253.6,0.48263350321081866,0,4.545832544016889,4.0631990408060705
1141223400,128.60001,131.47,127.17999,129.83,1353312576,1.25,158,2006-03-01 14:30:00,1353312576,1194757567.2,0.5619014263884292,0,4.7655758237916075,4.203674397403178
1144071000,130.07001,131.86,128.02,131.47,1300735968,1.26,159,2006-04-03 13:30:00,1300735968,1213571397.6,0.6484660952825481,0,5.014257016506363,4.365790921223815
1146490200,131.47,132.8,124.75999,127.50999,1752940720,-3.01,160,2006-05-01 13:30:00,1752940720,1261587463.2,0.37620881908764314,1,4.836051945083369,4.459843125995726
1149168600,127.38,129.42999,122.34,127.23,2165461536,-0.22,161,2006-06-01 13:30:00,2165461536,1317536069.6,0.1273138987535214,1,4.618985499437628,4.491671600684106
1151933400,127.42999,128.14,122.39,127.85001,1694694704,0.49,162,2006-07-03 13:30:00,1694694704,1354041809.6,-0.036744743220156195,3,4.4457406716589105,4.482485414879067
1154439000,127.34,131.03999,126.28,130.64,1421706336,2.18,163,2006-08-01 13:30:00,1421706336,1379550642.4,-0.00046262152948362,2,4.481907137967212,4.482369759496696
1157117400,131.14,133.99001,129.35001,133.58,1363903440,2.25,164,2006-09-01 13:30:00,1363903440,1388189372,0.16906158296540852,0,4.693696738203457,4.524635155238048
1159795800,133.53999,139,132.34,137.78999,1447946224,3.15,165,2006-10-02 13:30:00,1447946224,1409103985.6,0.4938750740353468,0,5.141978997782232,4.648103923746885
1162391400,138.22,141.16,135.62,140.53,1503703824,1.99,166,2006-11-01 14:30:00,1503703824,1417170582.4,0.8040572908933106,0,5.6531755373635235,4.849118246470213
1164983400,140.53,143.24001,138.97,141.62,1213057024,0.78,167,2006-12-01 14:30:00,1213057024,1394408946.4,0.9816762514847817,0,6.07621356082619,5.094537309341408
1167661800,142.25,144.13,140.25,143.75,1341399312,1.5,168,2007-01-01 14:30:00,1341399312,1394164343.2,1.1310289834304141,0,6.508323538629426,5.377294555199012
1170340200,144.14999,146.42,139,140.92999,1496040016,-1.96,169,2007-02-01 14:30:00,1496040016,1413664860.8,0.9363597559554275,1,6.547744250143296,5.6113844941878686
1172759400,139.34,143.81,136.75,142,2921814320,0.76,170,2007-03-01 14:30:00,2921814320,1500426965.6,0.7823869470224434,1,6.589368177965923,5.80698123094348
1175520600,142.16,149.8,140.89,148.28999,1795352592,4.43,171,2007-04-02 13:30:00,1795352592,1524447091.2,0.9933370845452814,0,7.0486525866250815,6.0553155020798
1178026200,148.42,153.89,147.67,153.32001,2518567104,3.39,172,2007-05-01 13:30:00,2518567104,1586035102.4,1.339283142359335,0,7.729419430028969,6.390136287669634
1180704600,153.88,154.39999,148.06,150.42999,3504277296,-1.88,173,2007-06-01 13:30:00,3504277296,1671553479.2,1.2432160163739585,1,7.944156308137082,6.700940291763123
1183383000,150.87,156,145.03999,145.72,3986976272,-3.13,174,2007-07-02 13:30:00,3986976272,1811637761.6,0.7561598130927631,1,7.6461400581290775,6.889980245036314
1185975000,145.17999,150.59,137,147.59,6241314848,1.28,175,2007-08-01 13:30:00,6241314848,2070020383.2,0.4677676704520639,1,7.474689833101394,7.00692216264933
1188826200,147.45,154.39,144.33,152.58,2966242944,3.38,176,2007-09-03 13:30:00,2966242944,2156742380,0.5170572788915155,0,7.653243761263724,7.136186482372208
1191245400,152.60001,157.52,148,154.64999,3849026960,1.36,177,2007-10-01 13:30:00,3849026960,2291923700.8,0.5878887295510156,0,7.8710473943109776,7.283158664759962
1193923800,153.28999,153.41,140.66,148.66,5472105872,-3.87,178,2007-11-01 13:30:00,5472105872,2497863365.6,0.15280007654281835,1,7.474158760438485,7.321358683895666
1196692200,148.19,152.89,143.96001,146.21001,3293357632,-1.65,179,2007-12-03 14:30:00,3293357632,2597494448.8,-0.35101516237074204,3,6.882589730932239,7.233604893302981
1199197800,146.53,146.99001,126,137.37,6108104832,-6.05,180,2008-01-01 14:30:00,6108104832,2815252654.4,-1.2784921801255216,3,5.635489668146079,6.9139818482716
1201876200,137.94,139.61,131.73,133.82001,4151825440,-2.58,181,2008-02-01 14:30:00,4151825440,2914570849.6,-2.0823816550719894,3,4.311004779431613,6.3933864345036024
1204554600,133.14,135.81,126.07001,131.97,5469219488,-1.38,182,2008-03-03 14:30:00,5469219488,3103297088.8,-2.653432716682566,3,3.0765955386503947,5.730028255332961
1207056600,133.71001,140.59,132.33,138.25999,4014862304,4.77,183,2008-04-01 13:30:00,4014862304,3232954887.2,-2.5230862380057433,2,2.576170457825782,5.099256695831525
1209648600,138.39,144.3,137.52,140.35001,3650158528,1.51,184,2008-05-01 13:30:00,3650158528,3347267641.6,-2.2222319968047577,2,2.321466699825578,4.543698696630336
1212413400,139.83,140.89,127.035,127.98,5410561968,-8.81,185,2008-06-02 13:30:00,5410561968,3545398428.8,-2.7480184869010307,3,1.108675588004047,3.8566940749050778
1214919000,126.52,129.16,120.02,126.83,7159685632,-0.9,186,2008-07-01 13:30:00,7159685632,3828197519.2,-3.0420666598409065,3,0.05411075010394484,3.0961774099448514
1217597400,127.12,131.50999,124.75999,128.78999,4344520064,1.55,187,2008-08-01 13:30:00,4344520064,3984770671.2,-2.97004547242645,2,-0.6163794305882107,2.353666041838239
1220275800,130.03,130.71001,110.5321,115.99001,8107003920,-9.94,188,2008-09-01 13:30:00,8107003920,4323050901.6,-3.607532040546244,3,-2.155749008844566,1.451783031701678
1222867800,115.27,116.69,83.58,96.83,11889533952,-16.52,189,2008-10-01 13:30:00,11889533952,4842725598.4,-5.053966186249248,3,-4.8656747011098815,0.188291485139366
1225722600,96.78,100.86,74.34,90.09,8769751872,-6.96,190,2008-11-03 14:30:00,8769751872,5135122476,-6.127473499582919,3,-7.471050389339283,-1.3435768897563638
1228141800,87.50999,92.42999,81.86,90.24001,6931852880,0.17,191,2008-12-01 14:30:00,6931852880,5391947490.4,-6.457292378482816,3,-9.415192362859884,-2.957899984377068
1230820200,90.44,94.5533,80.05,82.83,6877054976,-8.21,192,2009-01-01 14:30:00,6877054976,5609871884,-6.771437442995316,3,-11.422196788121212,-4.650759345125897
1233585000,81.57001,87.74001,73.81,73.92999,7275971696,-10.74,193,2009-02-02 14:30:00,7275971696,5798456604,-7.1389453043549524,3,-13.574440975569587,-6.4354956712146345
1236004200,72.52,83.3,67.10001,79.52,8816279040,7.56,194,2009-03-02 14:30:00,8816279040,6039921742.4,-6.5796442381187745,2,-14.660050968863104,-8.080406730744329
1238592600,78.53,89.02,78.33,87.42,6209519408,9.93,195,2009-04-01 13:30:00,6209519408,6038331970.4,-5.30634227204548,2,-14.71333457080118,-9.4069922987557
1241184600,87.44,93.7,86.72,92.53,5197050848,5.85,196,2009-05-01 13:30:00,5197050848,6149872365.6,-3.818224022194258,2,-14.179772326498522,-10.361548304304264
1243863000,93.67,96.11,87.53,91.95,5054958784,-0.63,197,2009-06-01 13:30:00,5054958784,6210168956.8,-2.6278927072386526,2,-13.64641418835258,-11.018521481113927
1246455000,92.34,99.83,87,98.81,4295911760,7.46,198,2009-07-01 13:30:00,4295911760,6151359251.2,-1.2058146905919624,2,-12.52578984435388,-11.319975153761918
1249306200,99.85001,104.35001,98.11501,102.46001,3957917616,3.69,199,2009-08-03 13:30:00,3957917616,6184587250.4,0.08486422240291702,0,-11.213894875758271,-11.298759098161188
1251811800,101.95,108.06,99.57001,105.59,3777979120,3.05,200,2009-09-01 13:30:00,3777979120,6068080964.8,1.192145317219948,0,-9.808577451636253,-11.000722768856201
1254403800,105.34,110.31,101.99001,103.56,4482108064,-1.92,201,2009-10-01 13:30:00,4482108064,6084595096,1.7944150604770321,0,-8.757703943259912,-10.552119003736944
1257172200,104.13,111.74001,103.08,109.94,3431132192,6.16,202,2009-11-02 14:30:00,3431132192,5982690731.2,2.581198214937828,0,-7.325621235064659,-9.906819450002487
1259677800,110.92,113.03,105.476,111.44,2883949808,1.36,203,2009-12-01 14:30:00,2883949808,5926145106.4,3.1250730555832096,0,-6.000478130523476,-9.125551186106685
1262356200,112.37,115.14,107.22,107.39,3706906128,-3.63,204,2010-01-01 14:30:00,3706906128,5928982486.4,3.1268761453689375,0,-5.216956004395513,-8.34383214976445
1265034600,108.14999,111.58,104.58,110.74001,4451911072,3.12,205,2010-02-01 14:30:00,4451911072,5881049941.6,3.253949209634799,0,-4.276395637720952,-7.530344847355751
1267453800,111.2,118.1666,111.17,117,3899883248,5.65,206,2010-03-01 14:30:00,3899883248,5718059822.4,3.631169403916137,0,-2.9913830924605804,-6.622552496376717
1270128600,117.8,122.12,117.10001,118.8125,4011095920,1.55,207,2010-04-01 13:30:00,4011095920,5701388615.2,3.853297875990908,0,-1.8059301513880825,-5.65922802737899
1272893400,119.38,120.67999,104.38,109.369,7414147200,-7.95,208,2010-05-03 13:30:00,7414147200,5666745779.2,3.2394594504234675,1,-1.609903714349656,-4.8493631647731235
1275399000,108.35001,113.2,102.88,103.22,5706511392,-5.62,209,2010-06-01 13:30:00,5706511392,5357594651.2,2.3366955034566557,1,-1.9284937854523037,-4.265189288908959
1277991000,103.14999,112.28999,101.13,110.27,4723083696,6.83,210,2010-07-01 13:30:00,4723083696,5155261242.4,2.13716655795296,1,-1.5937310914677596,-3.7308976494207196
1280755800,111.99001,113.17999,104.28999,105.31,4542294160,-4.5,211,2010-08-02 13:30:00,4542294160,5035783306.4,1.6175501471295952,1,-1.7089599655087255,-3.3265101126383207
1283347800,106.73,115.78999,106.66,114.13,4047505280,8.38,212,2010-09-01 13:30:00,4047505280,4894305821.6,1.8002689484746641,0,-1.0761739270449908,-2.876442875519655
1285939800,114.99001,119.75999,113.17999,118.49001,3767748128,3.82,213,2010-10-01 13:30:00,3767748128,4718894643.2,2.1248901132770674,0,-0.2203302339233204,-2.345220347200388
1288618200,119.07001,122.95,117.59,118.49249,3984612496,0.0,214,2010-11-01 13:30:00,3984612496,4477311316,2.2385053135143087,0,0.45291129469249825,-1.7855940188218105
1291213800,120.2,126.2,120.19,125.75,2722825728,6.12,215,2010-12-01 14:30:00,2722825728,4302976632,2.6718072256047996,0,1.554165013184189,-1.1176422124206105
1294065000,126.71001,130.35001,125.6969,128.67999,2860494448,2.33,216,2011-01-03 14:30:00,2860494448,4186148812,3.000506367452446,0,2.632990746894947,-0.36751562055749887
1296570600,129.46001,134.69,129.3801,133.14999,2820163184,3.47,217,2011-02-01 14:30:00,2820163184,4074409032,3.3378526467434435,0,3.8048001878718054,0.466947541128362
1298989800,133.57001,133.69,125.28,132.59,4791180688,-0.42,218,2011-03-01 14:30:00,4791180688,4099172478.4,3.334324682676016,1,4.634853394473382,1.3005287117973658
1301664600,133.41,136.57001,129.50999,136.42999,2814799696,2.9,219,2011-04-01 13:30:00,2814799696,4042016582.4,3.3905251324371903,0,5.538685127343854,2.1481599949066634
1304343000,137.07001,137.17999,131.38,134.89999,3339322704,-1.12,220,2011-05-02 13:30:00,3339322704,4020083761.6,3.130788165277397,1,6.06164520150341,2.930857036226013
1306935000,134.50999,134.9234,126.19,131.97,4712655888,-2.17,221,2011-06-01 13:30:00,4712655888,4031611152.8,2.5901637962398376,1,6.16856178152581,3.578397985285972
1309527000,132.09,135.7,127.96671,129.33,3840979200,-2.0,222,2011-07-01 13:30:00,3840979200,4052103503.2,1.9144280452655167,1,5.9714330418678685,4.057004996602352
1312205400,130.84,130.96001,110.27,122.22,9050591824,-5.5,223,2011-08-01 13:30:00,9050591824,4360435604,0.899801956273012,1,5.181757441943617,4.281955485670605
1314883800,122.28999,123.39999,111.3,113.14999,6188596240,-7.42,224,2011-09-01 13:30:00,6188596240,4484520109.6,-0.4011797449461234,3,3.7804808044879508,4.181660549434074
1317648600,112.49001,129.42,107.42999,125.5,5717906608,10.91,225,2011-10-03 13:30:00,5717906608,4547819886.4,-0.44555398061391127,3,3.624718073666685,4.070272054280596
1320154200,122.03,128.02,116.2,124.99001,5014599984,-0.41,226,2011-11-01 13:30:00,5014599984,4603555723.2,-0.5196644796945771,3,3.420691454662375,3.940355934356952
1322749800,124.85001,127.25999,120.03,125.5,3848635120,0.41,227,2011-12-01 14:30:00,3848635120,4595432683.2,-0.5422509365643982,3,3.2625422636514543,3.8047932002158524
1325514600,127.75999,133.39999,126.42999,131.32001,2883820288,4.64,228,2012-01-02 14:30:00,2883820288,4368916337.6,-0.19125013177598316,2,3.5657305354958737,3.756980667271857
1328106600,132.28999,138.19,132.13,137.02,2895247792,4.34,229,2012-02-01 14:30:00,2895247792,4228353157.6,0.3682843905683435,0,4.217336155482286,3.8490517649139426
1330612200,137.31,141.83,134.36,140.81,3057517472,2.77,230,2012-03-01 14:30:00,3057517472,4145074846.4,0.9064615885215366,0,4.982128750565863,4.0756671620443266
1333373400,140.64,142.21001,135.75999,139.87,3035647424,-0.67,231,2012-04-02 13:30:00,3035647424,4069742509.6,1.0991167321180217,0,5.449563077191854,4.350446345073832
1335879000,139.78999,141.66,129.55,131.47,4004216000,-6.01,232,2012-05-01 13:30:00,4004216000,4067578045.6,0.5865211635026881,1,5.083597799452193,4.4970766359495045
1338557400,129.41,136.27,127.13499,136.105,3644913504,3.53,233,2012-06-01 13:30:00,3644913504,4061436314.4,0.4892856656711668,1,5.108683718038463,4.619398052367297
1341235800,136.48,139.339,132.60001,137.71001,2864744432,1.18,234,2012-07-02 13:30:00,2864744432,4005442911.2,0.4630049946202961,1,5.1981542956426665,4.73514930102237
1343827800,138.7,143.09,135.58,141.16,2413591520,2.51,235,2012-08-01 13:30:00,2413591520,3989981200.8,0.5992621419266282,0,5.484226978430655,4.884964836504027
1346679000,141.03999,148.11,140.13,143.97,2391232576,1.99,236,2012-09-03 13:30:00,2391232576,3966518107.2,0.7880435137760049,0,5.870019228724033,5.081975714948028
1349098200,144.52,147.16,140.39,141.35001,2719914704,-1.82,237,2012-10-01 13:30:00,2719914704,3961505683.2,0.6515244336208879,1,5.896381256974138,5.24485682335325
1351776600,141.64999,143.72,134.7,142.155,3032767968,0.57,238,2012-11-01 13:30:00,3032767968,3873585047.2,0.5353591542833289,1,5.914055766207412,5.378696611924083
1354545000,142.8,145.58,139.53999,142.41,2890499968,0.18,239,2012-12-03 14:30:00,2890499968,3877370060.8,0.40172155014875166,1,5.880848549610022,5.47912699946127
1357050600,145.11,150.94,144.73,149.7,2587139376,5.12,240,2013-01-01 14:30:00,2587139376,3839760894.4,0.7121797956455582,0,6.369351744018218,5.6571719483726595
1359729000,150.64999,153.28,148.73,151.61,2581458448,1.28,241,2013-02-01 14:30:00,2581458448,3733201022.4,0.9397517487356861,0,6.831861634292267,5.8921098855565806
1362148200,151.09,156.85001,150.41,156.67,2331212384,3.34,242,2013-03-01 14:30:00,2331212384,3657712681.6,1.3023262383918324,0,7.520017683546371,6.217691445154538
1364823000,156.59,159.72,153.55,159.67999,2907033824,1.92,243,2013-04-01 13:30:00,2907033824,3350534781.6,1.596715834726437,0,8.213586238562584,6.616870403836147
1367415000,159.33,169.07001,158.10001,163.44501,2781594944,2.36,244,2013-05-01 13:30:00,2781594944,3180184716.8,1.877481084134887,0,8.963721759004756,7.0862406748698685
1370266200,163.83,165.99001,155.73,160.42,3533328608,-1.85,245,2013-06-03 13:30:00,3533328608,3070955816.8,1.6973856675029664,1,9.207972759248577,7.51058709174561
1372685400,161.25999,169.86,160.22,168.71001,2331129456,5.17,246,2013-07-01 13:30:00,2331129456,2936782290.4,1.9561020702532197,0,9.955714679562135,7.999612609308915
1375363800,169.99001,170.9725,163.05,163.64999,2283239616,-3.0,247,2013-08-01 13:30:00,2283239616,2858512515.2,1.619868800061223,1,10.024448609385445,8.404579809324222
1378128600,165.23,173.60001,163.7,168.00999,2246638784,2.66,248,2013-09-02 13:30:00,2246638784,2826653440,1.5258301654366928,1,10.311867516120088,8.786037350683396
1380634200,168.14,177.51,164.53,175.79,2901740429,4.63,249,2013-10-01 13:30:00,2901740429,2826978071.85,1.8033034697568766,0,11.040166687879491,9.236863218122615
1383312600,176.02,181.75,174.76,181,1930952423,2.96,250,2013-11-01 13:30:00,1930952423,2770649819.4,2.1309655233435425,0,11.900570122302042,9.7696045989585
1385994600,181.09,184.69,177.32,184.69,2232670202,2.04,251,2013-12-02 14:30:00,2232670202,2730500958.3,2.371048575887354,0,12.733415318817691,10.362366742930337
1388586600,183.98,184.94,176.88,178.18,2530649614,-3.52,252,2014-01-01 14:30:00,2530649614,2656822639,1.887308986673494,1,12.721502976272205,10.834193989598711
1391437800,177.95,187.15,173.71,186.29,2394183674,4.55,253,2014-02-03 14:30:00,2394183674,2594286147.5,1.903962503059363,0,13.214147118422915,11.310184615363552
1393857000,184.69,189.0239,183.75,187.01,2554082542,0.39,254,2014-03-03 14:30:00,2554082542,2578753053,1.757427667673154,1,13.506969199954995,11.74954153228184
1396359000,187.62,189.7,181.31,188.31,2345900090,0.7,255,2014-04-01 13:30:00,2345900090,2575368481.5,1.54929984495676,1,13.68616633847779,12.13686649352103
1398951000,188.22,192.8,186.01,192.68,1780157245,2.32,256,2014-05-01 13:30:00,1780157245,2544814714.95,1.5058661956004098,1,14.019199238021542,12.513333042421133
1401715800,192.95,196.6,191.97,195.72,1675360233,1.58,257,2014-06-02 13:30:00,1675360233,2492586991.4,1.4796268605770742,1,14.362866618142476,12.883239757565402
1404221400,196.19,199.06,192.97,193.09,1893838621,-1.34,258,2014-07-01 13:30:00,1893838621,2435640524.05,1.1003215752096622,1,14.25864172657748,13.158320151367818
1406899800,192.56,200.82,190.55,200.71,1829884873,3.95,259,2014-08-01 13:30:00,1829884873,2382609769.3,1.1712284007108913,0,14.62235565225643,13.45112725154554
1409578200,200.97,201.899,196.05,197.02,2106580212,-1.84,260,2014-09-01 13:30:00,2106580212,2358581811.1,0.7961551580677142,1,14.446321199130182,13.650166041062468
1412170200,196.7,201.82,181.92,201.66,3943067853,2.36,261,2014-10-01 13:30:00,3943067853,2426662281.35,0.6909987488900988,1,14.513914477175092,13.822915728284993
1415025000,201.92,207.87,200.06,207.2,1571225009,2.75,262,2014-11-03 14:30:00,1571225009,2388662912.6,0.8163944260149858,0,14.843408760803726,14.02701433478874
1417444200,206.4,212.97,197.86,205.54,3045170843,-0.8,263,2014-12-01 14:30:00,3045170843,2395569763.55,0.6183743281730294,1,14.799982245005026,14.181607916831997
1420122600,206.38,206.88,198.55,199.45,3183506003,-2.96,264,2015-01-01 14:30:00,3183506003,2415665316.5,-0.056097621962241107,3,14.111485889379196,14.167583511341437
1422887400,200.05,212.24,197.86,210.66,1901638015,5.62,265,2015-02-02 14:30:00,1901638015,2334080786.85,0.11033001330287995,0,14.305496027970037,14.195166014667157
1425306600,210.78,212.06,204.12,206.43,2749923019,-2.01,266,2015-03-02 14:30:00,2749923019,2355020465,-0.1905033876469293,3,13.957036780108496,14.147540167755425
1427895000,206.39,212.48,204.51,208.46,2036685271,0.98,267,2015-04-01 13:30:00,2036685271,2342692747.75,-0.3685039985103806,3,13.686910169617448,14.055414168127829
1430487000,209.4,213.78,206.76,211.14,1892519799,1.29,268,2015-05-01 13:30:00,1892519799,2324986798.5,-0.41786293342599024,3,13.53308550134534,13.95094843477133
1433165400,211.94,213.34,205.28,205.85,2535242753,-2.51,269,2015-06-01 13:30:00,2535242753,2306661914.7,-0.8916786676073762,3,12.83635010026211,13.728028767869485
1435757400,207.73,213.18,204.11,210.5,2452757863,2.26,270,2015-07-01 13:30:00,2452757863,2332752186.7,-0.9703176023455828,3,12.515131764937507,13.48544936728309
1438608600,210.46,211.31,182.4,197.67,3734926751,-6.1,271,2015-08-03 13:30:00,3734926751,2407865014.15,-1.9104662055779116,3,11.0973666103107,13.007832815888612
1441114200,193.12,202.89,186.93,191.63,3279512870,-3.06,272,2015-09-01 13:30:00,3279512870,2445308176.95,-2.9036319592512037,3,9.378292866824609,12.281924826075812
1443706200,192.08,209.44,189.12,207.93,2536184532,8.51,273,2015-10-01 13:30:00,2536184532,2452408219.85,-2.445659871505736,2,9.224849986693641,11.670509858199377
1446474600,208.32,211.66,202.18,208.69,1924512621,0.37,274,2015-11-02 14:30:00,1924512621,2420929723.8,-2.08830269374657,2,9.060131491016165,11.148434184762735
1448980200,209.44,211,199.83,203.87,2924884742,-2.31,275,2015-12-01 14:30:00,2924884742,2449878956.4,-2.164085145938282,3,8.443327752339883,10.607412898278165
1451658600,200.49,201.9,181.02,193.7208,3712951064,-4.98,276,2016-01-01 14:30:00,3712951064,2546518647.35,-2.8425431917257313,3,7.054233908621001,9.896777100346732
1454337000,192.53,196.68,181.09,193.56,2920730619,-0.08,277,2016-02-01 14:30:00,2920730619,2608787166.65,-3.219265647755929,3,5.87269504065182,9.091960688407749
1456842600,195.01,206.87,194.4542,205.52,2323306273,6.18,278,2016-03-01 14:30:00,2323306273,2630260549.25,-2.6062591708637317,2,5.834136724828085,8.440395895691816
1459517400,204.35,210.92,203.09,206.3308,1910635495,0.39,279,2016-04-01 13:30:00,1910635495,2634298080.35,-2.1106202911088605,2,5.802120531805741,7.912740822914602
1462195800,206.92,210.69,202.78,209.84,1834562512,1.7,280,2016-05-02 13:30:00,1834562512,2620697195.35,-1.5375112419090113,2,5.990851770528337,7.528363012437349
1464787800,209.12,212.52,198.65,209.475,2630619705,-0.17,281,2016-06-01 13:30:00,2630619705,2555074787.95,-1.1896268087600186,2,6.041329501487326,7.230956310247344
1467379800,209.36,217.54,207.06,217.12,1648453879,3.65,282,2016-07-01 13:30:00,1648453879,2558936231.45,-0.48725459114985537,2,6.621888071310025,7.10914266245988
1470058200,217.19,219.6,214.25,217.38,1519703229,0.12,283,2016-08-01 13:30:00,1519703229,2482662850.75,-0.06969870558994451,2,7.022019280472449,7.091717986062394
1472736600,217.37,219.22,212.31,216.3,2303701186,-0.5,284,2016-09-01 13:30:00,2303701186,2438672609.9,0.06209403928363422,0,7.169335535166937,7.107241495883303
1475501400,215.82,216.7,211.21,212.55,1725687191,-1.73,285,2016-10-03 13:30:00,1725687191,2429875068.7,-0.16266749700539673,3,6.903907124626556,7.066574621631953
1478007000,212.93,221.82,208.38,220.38,2073824327,3.68,286,2016-11-01 13:30:00,2073824327,2396070134.1,0.1402513211486882,0,7.241888773067814,7.101637451919125
1480602600,220.73,228.34,219.15,223.53,1821910161,1.43,287,2016-12-01 14:30:00,1821910161,2385331378.6,0.45904412980573195,0,7.675442614176291,7.216398484370559
1483367400,225.04,229.71,223.8837,227.53,1482408638,1.79,288,2017-01-02 14:30:00,1482408638,2364825820.55,0.8242735621878854,0,8.246740437105416,7.42246687491753
1485959400,228.255,237.31,226.82,236.47,1365136521,3.93,289,2017-02-01 14:30:00,1365136521,2306320508.95,1.512843213413193,0,9.313520891684021,7.800677678270828
1488378600,238.39,240.32,231.61,235.74,1920309810,-0.31,290,2017-03-01 14:30:00,1920309810,2279698106.3,1.7474154059268603,0,9.984946935679403,8.237531529752543
1491226200,235.8,239.53,232.51,238.08,1547966288,0.99,291,2017-04-03 13:30:00,1547966288,2170350083.15,1.8770716395130211,0,10.583871079143819,8.706799439630798
1493645400,238.68,242.08,235.43,241.44,1494800517,1.41,292,2017-05-01 13:30:00,1494800517,2081114465.5,1.9949875797269918,0,11.200533914289537,9.205546334562545
1496323800,241.97,245.01,239.955,241.8,1572752876,0.15,293,2017-06-01 13:30:00,1572752876,2032942882.7,1.9033636113779693,1,11.584750848785006,9.681387237407037
1499088600,242.88,248,240.34,246.77,1062993341,2.06,294,2017-07-03 13:30:00,1062993341,1989866918.7,1.9750684471447926,0,12.150222796338028,10.175154349193235
1501594200,247.46,248.91,241.83,247.49,1557031716,0.29,295,2017-08-01 13:30:00,1557031716,1921474267.4,1.869659075417804,1,12.51222819346549,10.642569118047685
1504272600,247.92,251.32,244.95,251.23,1286405280,1.51,296,2017-09-01 13:30:00,1286405280,1800146978.2,1.8472316966560278,1,12.95160873886772,11.104377042211691
1506951000,251.49,257.89,251.2926,257.15,1320939683,2.36,297,2017-10-02 13:30:00,1320939683,1720157431.4,2.012903796139952,0,13.620506787386631,11.60760299124668
1509543000,258.04,266.05,255.63,265.01,1365510885,3.06,298,2017-11-01 13:30:00,1365510885,1672267662,2.407006652167013,0,14.616361306455445,12.209354654288433
1512138600,264.76,268.6,260.76,266.86,1715245330,0.7,299,2017-12-01 14:30:00,1715245330,1662498153.75,2.534595743427303,0,15.377599333572562,12.843003590145258
1514817000,267.84,286.6285,267.4,281.9,1996090155,5.64,300,2018-01-01 14:30:00,1996090155,1670574535.9,3.324428868526251,0,16.998539675803073,13.674110807276822
1517495400,281.07,283.06,252.92,271.65,2923721955,-3.64,301,2018-02-01 14:30:00,2923721955,1685229648.4,2.86641360287841,1,17.257127810874834,14.390714207996425
1519914600,271.41,280.41,257.83,263.15,2336204952,-3.13,302,2018-03-01 14:30:00,2336204952,1719617202.05,1.7554288330747916,1,16.585000249339913,14.829571416265122
1522675800,262.55,271.3,254.67,264.51,2000511426,0.52,303,2018-04-02 13:30:00,2000511426,1743657611.9,0.9186562734809876,1,15.977891758116357,15.05923548463537
1525181400,263.87,274.25,259.05,270.94,1606397229,2.43,304,2018-05-01 13:30:00,1606397229,1708792414.05,0.619081367231658,1,15.833087193674942,15.214005826443284
1527859800,272.41,279.48,268.49,271.28,1600959131,0.13,305,2018-06-01 13:30:00,1600959131,1702556011.05,0.2818551701475034,1,15.566324789127663,15.28446961898016
1530538200,269.51,284.37,269.24,281.33,1266961027,3.7,306,2018-07-02 13:30:00,1266961027,1662212846.05,0.5577349386091282,0,15.98163829224157,15.423903353632442
1533130200,281.56,291.74,279.16,290.31,1308405597,3.19,307,2018-08-01 13:30:00,1308405597,1636537617.85,1.1338794840778625,0,16.84125270872977,15.707373224651906
1535981400,289.84,293.94,286.71,290.72,1228220740,0.14,308,2018-09-03 13:30:00,1228220740,1623828222.95,1.3185200059502549,0,17.355523232089723,16.03700322613947
1538400600,292.11,293.21,259.85,270.63,3024380821,-6.91,309,2018-10-01 13:30:00,3024380821,1706790437.95,-0.0631730527996126,3,15.958036910139953,16.021209962939565
1541079000,271.6,281.22,263.07,275.65,2021061342,1.85,310,2018-11-01 13:30:00,2021061342,1711828014.55,-0.7515774990527913,3,15.081738089123576,15.833315588176367
1543847400,280.28,280.4,233.76,249.92,3102621849,-9.33,311,2018-12-03 14:30:00,3102621849,1789560792.6,-2.9300349408627238,3,12.170771912097962,15.100806852960686
1546353000,245.98,270.47,243.67,269.93,2048691645,8.01,312,2019-01-01 14:30:00,2048691645,1817255349,-3.0025323089989104,3,11.347641466712048,14.350173775710958
1549031400,270.15,281.31,267.83,278.68,1371716235,3.24,313,2019-02-01 14:30:00,1371716235,1807203516.95,-2.4629977864537427,2,11.27142654264378,13.734424329097523
1551450600,280.44,284.36,272.42,282.3,1026081687,1.3,314,2019-03-01 14:30:00,1026081687,1805357934.25,-1.8899077682840026,2,11.37203961874252,13.261947387026522
